model,accuracy,precision,recall,f1,roc_auc,pr_auc,tn,fp,fn,tp
IsolationForest,0.8425047438330171,0.8252427184466019,0.5666666666666667,0.6719367588932806,0.8661803713527851,0.766680360220956,359,18,65,85
Autoencoder,0.7476280834914611,0.6307692307692307,0.2733333333333333,0.3813953488372093,0.7654022988505746,0.5894631693628614,353,24,109,41
